ID,Age,Sex,Marrige,Education,Credit_Condition,Housing_Condition,Old_Customer,Current_Job_Working_Years,Loan_Amount,Loan_Purpose,Loan_Period,Monthly_Interest_Rate,Breach_Monthly_Interest_Rate,Other_Loan,Collateral,Way_of_Mortgage,Full_Value,Client_Category,Loan_Time
911001,27,女,已婚,高中,无,自有,否,10年,10万,经营,1年,1.50%,1.95%,文件中没有,是,抵押,是,无逾期,2009年11月16日
912005,52,男,已婚,小学,无,自有,否,3年,5万,经营,3月,1.44%,1.87%,文件中没有,是,抵押,是,无逾期,2009年12月11日
912001,26,女,已婚,高中,无,自有,否,3年,18万,经营,1年,1.50%,1.95%,文件中没有,是,抵押,是,逾期,2009年12月1日
911002,49,男,已婚,小学,无,自有,否,11年,50万,经营,1年,1.50%,1.95%,文件中没有,是,抵押,是,无逾期,2009年12月3日
912001,26,男,未婚,高中,有违约,租房,否,3年,5万,经营,6月,1.50%,1.95%,文件中没有,无,担保,否,逾期,2009年12月10日
912002,24,男,已婚,初中,无,自有,否,2年,10万,经营,1年,1.50%,1.95%,有银行车贷,是,抵押,是,无逾期,2009年12月10日
912010,47,男,已婚,小学,无,自有,否,1年,20万,经营,9月,1.53%,1.99%,有信用社贷款,是,抵押,是,无逾期,2009年12月30日
912003,23,女,已婚,高中,无,自有 ,否,2年,3万,经营,1年,1.53%,1.99%,有银行购房贷款,否,担保,否,无逾期,2009年12月4日
912007,31,男,已婚,高中,无,自有,否,1月,50万,经营,5月,1.47%,1.91%,无,是,抵押,否,无逾期,2009年12月30日
912011,27,女,已婚,高中,无,自有,否,6月,6万,经营,1年,1.50%,1.95%,无,是,抵押,是,无逾期,2009年12月30日
1001001,41,男,已婚,初中,无,自有,否,6年,100万,经营,6月,1.47%,1.91%,有信用社贷款,是,抵押,是,无逾期,2010年1月14日
1001002,27,男,已婚,本科及以上,无,自有,否,4年,3万,生活（房屋装修）,6月,1.47%,1.91%,有购房贷款,是,抵押,是,无逾期,2010年1月21日
1001004,40,男,已婚,初中,无,自有,否,4月,3万,经营,1年,1.50%,1.95%,无,是,抵押,是,无逾期,2010年1月25日
1002001,29,男,已婚,初中,无,自有,否,10年,50万,经营,1年,1.50%,1.95%,文件中没有,是,抵押,是,无逾期,2010年1月25日
911003,61,男,已婚,专科毕业,无,自有,否,20年,30万,购房,40天,1.44%,1.87%,没有,是,抵押,是,无逾期,2009年12月7日
912006,58,男,已婚,小学,无,自有,否,12年,100万,经营,3月,1.44%,1.87%,文件中没有,是,抵押,是,无逾期,2009年12月17日
1001003,34,男,已婚,大专,无,自有,否,8年,5万,房屋装修,1年,1.50%,1.95%,有银行房贷,是,抵押,是,无逾期,2010年1月26日
1001006,40,男,已婚,初中,无,自有,否,5年,15万,经营,6月,1.47%,1.91%,文件中没有,是,抵押,是,无逾期,2010年1月29日
1002002,52,男,已婚,初中,无,自有,否,20年,4万,经营,1年,1.53%,1.99%,文件中没有,否,担保,否,无逾期,2010年2月3日
1002002*,45,女,已婚,小学,无,自有,否,15年,20万,房屋装修,1年,1.50%,1.95%,文件中没有找到,有,抵押,是,无逾期,2010年2月1日
1002004,47,男,已婚,小学,无,自有,否,8年,400万,房地产开发,6月,1.47%,1.91%,文件中没有，估计有,有,抵押,是,无逾期,2010年2月4日
1002007,35,男,已婚,高中,无,自有,否,2年,15万,网吧装修,1年,1.53%,1.99%,有住房贷款,无,担保,是,无逾期,2010年2月5日
1002003,28,男,未婚,高中,逾期1次以上（6次）,自有,否,1年,9万,经营,6月,1.47%,1.91%,文件中没有,有,抵押,是,无逾期,2010年2月2日
1002006,43,男,已婚,小学,无,自有,否,10年,40万,生猪养殖,1年,1.50%,1.95%,文件中没有,有,抵押,否,逾期,2010年2月4日
1002005,53,男,已婚,初中,无,自有,否,6年,120万,经营,1年,1.50%,1.95%,文件中没有（估计有）,有,抵押,是,无逾期,2010年2月3日
1002008,42,男,已婚,初中,无,自有,否,10年,30万,经营,1年,1.53%,1.99%,有银行贷款,有,抵押,是,无逾期,2010年2月5日
1002028,40,男,已婚,高中,无,自有,否,6年,15万,养殖经营,1年,1.50%,1.95%,文件中没有,有,抵押,是,无逾期,2010年2月9日
1002013,54,女,已婚,高中,无,自有,否,25年,15万,购房,1年,1.53%,1.99%,没有,无,担保,否,无逾期,2010年2月10日
1002010,45,男,已婚,小学,无,自有,否,3年,3万,养殖经营,6月,1.50%,1.95%,文件中没有,有,抵押,是,无逾期,2010年2月10日
1002012,61,男,已婚,初中,无,自有,否,10年,40万,经营,3月,1.44%,1.87%,有银行贷款,有,抵押,是,无逾期,2010年2月11日
1002014,40,男,已婚,初中,无,自有,否,2年,10万,购买材料,1年,1.53%,1.99%,文件中没有,无,担保,否,逾期,2010年2月11日
1003002,41,男,已婚,初中,无,自有,否,7年,10万,房屋装修,1年,1.53%,1.99%,文件中没有,无,担保,否,无逾期,2010年3月5日
1003003,29,女,未婚,高中,无,自有,否,2年,50万,网吧装修,1年,1.53%,1.99%,文件中没有,有,抵押,是,无逾期,2010年3月11日
1003001,31,男,已婚,初中,无,自有,否,3年,20万,经营,1年,1.50%,1.95%,文件中没有,有,抵押,是,无逾期,2010年3月21日
1003005,56,男,已婚,初中,无,自有,否,1月,50万,经营,3月,1.44%,1.87%,有,有,抵押,是,无逾期,2010年3月17日
1003010,42,男,已婚,初中,无,自有,否,10年,20万,经营,1年,1.50%,1.95%,文件中没有,有,抵押,是,无逾期,2010年3月16日
1003011,50,男,已婚,小学,有违约,自有,否,5年,1.9万,经营,1年,1.50%,1.95%,文件中没有,无,担保,否,逾期,2010年3月16日
1003012,26,男,已婚,小学,无,自有,否,5年,2万,购房,1年,1.53%,1.99%,文件中没有,无,担保,否,无逾期,2010年3月25日
1003014,48,男,已婚,初中,无,自有,否,20年,7万,经营,1年,1.53%,1.99%,文件中没有,无,担保,否,无逾期,2010年3月25日
1003016,53,男,已婚,小学,无,自有,是,4年,10万,经营,1年,1.50%,1.95%,文件中没有,有,抵押,是,无逾期,2010年3月31日
1003015,40,男,已婚,初中,无,自有,否,10年,15万,经营,1年,1.50%,1.95%,没有,有,抵押,是,无逾期,2010年3月31日
1004001,40,男,已婚,高中,无,自有,否,6年,20万,经营,1年,1.50%,1.95%,文件中没有,有,抵押,是,无逾期,2010年4月8日
1003013,40,女,已婚,高中,无违约,自有,否,2年,10万,经营,1年,1.50%,1.95%,文件中没有,有,抵押,是,无逾期,2010年4月9日
1004002,31,男,已婚,高中,无违约,自有,否,2年,10万,经营,1年,1.53%,1.99%,文件中没有,无,担保,否,无逾期,2010年4月19日
1004004,60,女,已婚,小学,无,自有,否,5年,100万,经营,1年,1.50%,1.95%,文件中没有,有,抵押,是,无逾期,2010年4月27日
1004005,31,男,已婚,大学专科,无,自有,否,5年,120万,购房,6月,1.47%,1.91%,文件中没有,有,抵押,是,无逾期,2010年4月29日
1004006,42,男,离异,大学专科,无,自有,否,1年,50万,经营,1年,1.53%,1.99%,文件中没有,无,担保,否,逾期,2010年4月23日
1004007,52,男,已婚,初中,无,自有,否,6月,200万,经营,1年,1.50%,1.95%,文件中没有,有,抵押,是,无逾期,2010年4月30日
1004008,38,女,已婚,高中,无,自有,否,16年,20万,经营,1年,1.50%,1.95%,文件中没有,有,抵押,是,无逾期,2010年4月26日
1004009,38,女,已婚,高中,无,自有,否,16年,20万,经营,1年,1.50%,1.95%,文件中没有,有,抵押,是,无逾期,2010年4月26日
1004010,36,男,已婚,初中,无,自有,否,3年,60万,经营,1年,1.50%,1.95%,文件中没有,有,抵押,是,无逾期,2010年4月27日
1004011,33,男,已婚,大专,无,自有,否,2年,50万,经营,1年,1.50%,1.95%,文件中没有,有,抵押,是,无逾期,2010年4月29日
1005001,32,女,已婚,高中,无,自有,否,2年,10万,经营,1年,1.50%,1.95%,文件中没有,有,抵押,是,无逾期,2010年5月12日
1005002,33,男,已婚,初中,无,自有,是,2年,10万,经营,1年,1.50%,1.95%,文件中没有,有,抵押,是,无逾期,2010年5月19日
1005003,50,男,已婚,小学,无,自有,是,12年,20万,经营,4月,1.47%,1.91%,文件中没有,有,抵押,是,无逾期,2010年5月21日
1005005,29,男,已婚,初中,无,租房,否,2年,10万,经营,1年,1.53%,1.99%,文件中没有,无,担保,否,逾期,2010年5月24日
1006001,54,女,已婚,小学,无,自有,否,,7万,经营,1年,1.50%,1.95%,文件中没有,有,抵押,是,逾期,2010年6月4日
1006003,25,男,已婚,大学本科,逾期1次以上（2次）,自有,否,2年,8万,消费,1年,1.53%,1.99%,文件中没有,无,担保,否,逾期,2010年6月9日
1006004,57,男,已婚,小学,无违约,自有,否,2年,20万,经营,1年,1.53%,1.99%,有信用社贷款,无,担保,否,无逾期,2010年6月9日
1006006,48,男,已婚,初中,无违约,自有,否,4年,30万,经营,1年,1.50%,1.95%,有信用社贷款,有,抵押,否,无逾期,2010年6月24日
1006008,39,男,已婚,初中,无,自有,否,9年,5万,经营,1年,1.50%,1.95%,文件中没有,有,抵押,是,无逾期,2010年6月29日
1006009,31,女,已婚,高中,无,自有,否,3年,20万,经营,1年,1.53%,1.99%,文件中没有,无,担保,否,无逾期,2010年6月28日
1006010,36,男,已婚,大学本科,无,自有,否,6年,10万,经营,1年,1.50%,1.95%,文件中没有,有,抵押,是,无逾期,2010年7月8日
1006013,38,男,已婚,初中,无,自有,否,7年,20万,经营,1年,1.53%,1.99%,文件中没有,无,担保,否,无逾期,2010年6月30日
1007008,52,男,已婚,高中,无,自有,否,5年,100万,经营,1年,1.50%,1.95%,文件中没有,有,抵押,是,无逾期,2010年8月13日
1007009,31,男,已婚,高中,无,自有,否,11年,50万,经营,1年,1.50%,1.95%,文件中没有,有,抵押,是,无逾期,2010年7月30日
1007010,32,男,已婚,初中,无,自有,否,5年,15万,经营,1年,1.50%,1.95%,文件中没有,有,抵押,是,无逾期,2010年7月23日
1007011,40,男,已婚,初中,无,自有,是,5年,20万,经营,1年,1.50%,1.95%,文件中没有,有,抵押,是,无逾期,2010年7月30日
1007012,43,男,已婚,初中,无,自有,否,2年,50万,经营,1年,1.50%,1.95%,文件中没有,有,抵押,是,无逾期,2010年7月27日
1007013,41,男,已婚,初中,无,自有,是,6年,100万,经营,1年,1.50%,1.95%,文件中没有,有,抵押,是,无逾期,2010年7月23日
1007014,47,男,已婚,初中,无,自有,否,2年,8万,经营,1年,1.50%,1.95%,文件中没有,有,抵押,是,无逾期,2010年7月23日
1007015,27,男,已婚,本科及以上,无,自有,是,4年,3万,生活（房屋装修）,1年,1.50%,1.95%,有购房贷款,有,抵押,是,无逾期,2010年7月27日
1007016,52,男,已婚,小学,有违约,自有,否,3年,3万,经营,6月,1.50%,1.95%,文件中没有,无,担保,否,逾期,2010年7月27日
1008002,47,男,已婚,小学,无,自有,是,8年,100万,经营,1年,1.50%,1.95%,文件中没有,有,抵押,是,无逾期,2010年8月10日
1007003,37,男,已婚,初中,无,租房,否,7年,2万,经营,1年,1.50%,1.95%,文件中没有,无,信用担保,否,无逾期,2010年7月6日
1007004,53,男,已婚,初中,无,自有,是,6年,60万,经营,1年,1.50%,1.95%,文件中没有,有,抵押,是,无逾期,2010年7月13日
1007001,48,男 ,已婚,小学,无,自有,否,10年,100万,经营,1年,1.50%,1.95%,文件中没有,有,抵押,是,无逾期,2010年7月6日
1007002,29,男,已婚,初中,无,自有,是,10年,100万,经营,1年,1.50%,1.95%,文件中没有,有,抵押,是,无逾期,2010年7月14日
1007005,40,男,已婚,初中,无,自有,否,3年,20万,经营,6月,1.47%,1.91%,文件中没有,有,抵押,是,无逾期,2010年7月26日
1006014,27,男,未婚,本科及以上,无,自有,否,4年,130万,经营,3月,1.50%,1.95%,文件中没有,无,担保,否,无逾期,2010年6月30日
1007007,33,男,已婚,初中,无,自有,否,3年,40万,经营,1年,1.53%,1.99%,文件中没有,无,担保,否,无逾期,2010年7月15日
1008004,34,男,已婚,高中,无,自有,否,14年,10万,经营,1年,1.53%,1.99%,文件中没有,无,担保,否,无逾期,2010年8月5日
1008006,28,男,已婚,初中,无,自有,否,2年,20万,经营,1年,1.50%,1.95%,文件中没有,无,担保,否,无逾期,2010年10月15日
1008008,27,男,未婚,大专,无,自有,否,2年,10万,经营,1年,1.53%,"1,989",文件中没有,有,抵押,是,无逾期,2010年8月17日
1008007,56,男,已婚,初中,无,自有,否,4年,50万,经营,1年,1.50%,1.95%,文件中没有,无,担保,否,无逾期,2010年8月11日
1009001,48,男,已婚,初中,无违约,自有,否,4年,6万,经营,1年,1.50%,1.95%,有信用社贷款,有,抵押,是,无逾期,2010年9月9日
1008014,34,男,已婚,初中,无,自有,否,4年,10万,经营,1年,1.53%,1.99%,文件中没有,无,担保,否,无逾期,2010年8月25日
1008012,33,男,已婚,本科及以上,无,自有,否,3年,50万,经营,3月,1.47%,1.91%,文件中没有,有,质押,是,无逾期,2010年8月30日
1008009,33,男,已婚,高中,逾期1次以上,自有,否,2年,200万,经营,1年,1.50%,1.95%,文件中没有,有,抵押,否,逾期,2010年10月14日
1009006,32,女,已婚,高中,无,自有,否,3年,15万,经营,1年,1.53%,1.99%,文件中没有,无,质押,否,无逾期,2010年9月21日
1009003,59,男,已婚,小学,无,自有,是,13年,60万,经营,1年,1.50%,1.95%,文件中没有,有,抵押,是,无逾期,2010年9月20日
1009005a,31,男,已婚,高中,无,自有,否,6年,10万,经营,1年,1.53%,1.99%,文件中没有,无,担保,否,无逾期,2010年9月16日
1009005b,32,男,已婚,高中,无,自有,否,2年,40万,经营,1年,1.50%,1.95%,文件中没有,有,抵押,是,无逾期,2010年9月21日
1009004,28,女,已婚,高中,无,自有,是,1年,50万,经营,1年,1.50%,1.95%,文件中没有,有,抵押,是,无逾期,2010年9月17日
1008016,48,男,已婚,小学,无,自有,是,2年,50万,经营,1年,1.53%,1.99%,有信用社贷款,无,担保,否,无逾期,2010年8月26日
1008015,32,男,已婚,高中,无,自有,否,3年,100万,经营,1年,1.53%,1.99%,文件中没有,无,担保,否,无逾期,2010年8月25日
1008013,36,男,已婚,初中,无,自有,否,5年,10万,经营,1年,1.53%,1.99%,文件中没有,无,担保,否,无逾期,2010年8月25日
1009001,40,男,已婚,初中,有违约,自有,否,3年,5万,经营,6月,1.50%,1.95%,文件中没有,无,担保,否,逾期,2010年10月21日
1009002,27,男,已婚,本科及以上,无,自有,否,1年,20万,经营,6月,1.26%,1.64%,有银行抵押贷款,无,质押担保,否,无逾期,2010年10月21日
1009003,30,男,已婚,小学,无违约,自有,否,2年,10万,经营,6月,1.26%,1.64%,文件中没有,无,质押担保,否,无逾期,2010年10月21日
1009004,48,男,已婚,小学,无违约,自有,否 ,1年 ,10万,经营,6月,1.26%,1.64%,文件中没有,无,质押担保,否,无逾期,2010年10月21日
1009005,55,男,已婚,小学,无,自有,否,20年,10万,经营,6月,1.26%,1.64%,文件中没有,无,质押担保,否,无逾期,2010年10月21日
1009007,33,男,已婚,高中,无,自有,否,8年,15万,经营,1年,1.50%,1.95%,文件中没有,有,抵押担保,是,无逾期,2010年9月26日
1009009,48,男,已婚,小学,无,自有,是,2年,20万,经营,12月,1.53%,1.99%,有信用社贷款,无,质押担保,否,无逾期,2010年9月27日
1009010,42,男,已婚,初中,无,自有,是,10年,50万,经营,1年,1.53%,1.99%,有银行贷款,无,质押担保,否,无逾期,2010年9月29日
1009011,27,男,已婚,本科及以上,无,自有,否,4年,100万,经营,3月,1.50%,1.95%,文件中没有,无,信用担保,否,无逾期,2010年9月29日
1010002,47,男,已婚,初中,无,自有,否,10年,30万,经营,1年,1.50%,1.95%,文件中没有 ,有,抵押,是,无逾期,2010年10月18日
1010003,23,男,未婚,初中,无,租房,否,4年,10万,经营,6月,1.26%,1.64%,文件中没有,无,质押担保,否,无逾期,2010年10月18日
1010004,41,男,已婚,初中,无,自有,否,10年,10万,经营,1年,1.50%,1.95%,文件中没有,有,抵押担保,是,无逾期,2010年10月21日
1010005,37,男,已婚,高中,无,自有,否,4年,3万,经营,6月,1.26%,1.64%,文件中没有,无,无,否,无逾期,2010年10月21日
1010007,45,男,已婚,初中,无,自有,否,7年,100万,经营,1年,1.50%,1.95%,文件中没有,是,抵押担保,是,无逾期,2010年10月26日
1010008,41,男,已婚,初中,无,自有,否,13年,15万,经营,6月,1.26%,1.64%,文件中没有,无,无,否,无逾期,2010年10月22日
1010009,34,男,已婚,高中,无,自有,否,5年,20万,经营,1年,1.53%,1.99%,文件中没有,无,担保,否,无逾期,2010年10月27日
1010010,25,男,未婚,本科及以上,无,租房,否,1年,4万,经营,1年,1.53%,1.99%,文件中没有,无,担保,否,无逾期,2010年10月29日
1010011,43,男,已婚,初中,无,自有,否,10年,10万,经营,6月,1.26%,1.64%,有银行房贷,无,无,否,无逾期,2010年10月29日
1011002,34,男,已婚,大专,无,租房,否,3年,10万,经营,6月,1.26%,1.64%,文件中没有,无,担保,否,无逾期,2010年11月2日
1011003,28,男,已婚,大专,无,自有,否,3年,30万,经营,1年,1.50%,1.95%,文件中没,有,抵押,是,无逾期,2010年11月24日
1011004,28,男,已婚,大专,无,自有,否,3年,10万,经营,1年,1.50%,1.95%,文件中没有,有,抵押,是,无逾期,2010年11月15日
1011006,28,男,未婚,大专,无,租房,否,2年,12万,经营,6月,1.26%,1.64%,文件中没有,无,担保,否,无逾期,2010年11月8日
1011007,36,男,已婚,初中,无,自有,是,5年,10万,经营,1年,1.53%,1.99%,文件中没有,无,担保,否,无逾期,2010年11月12日
1011008,42,男,已婚,初中,无,自有,否,10年,25万,经营,6月,1.26%,1.64%,有银行贷款,无,质押担保,否,无逾期,2010年11月12日
1010012,29,男,已婚,初中,无,租房,否,3年,6万,经营,6月,1.26%,1.64%,文件中没有,无,无,否,无逾期,2010年10月29日
1011014,29,男,已婚,初中,无,自有,否,4年,10万,经营,1年,1.53%,1.99%,文件中没有,有,抵押担保,是,无逾期,2010年11月24日
1011011,35,女,离异,初中,无,自有,否,3年,85万,经营,1年,1.50%,1.95%,文件中没有,有 ,抵押,是,无逾期,2010年11月26日
1011012,43,男,已婚,初中,无,自有,否,20年,20万,经营,3月,1.23%,1.60%,有银行贷款,无,担保,否,无逾期,2010年11月16日
1011013,47,男,已婚,小学,有违约,自有,否,1年,5万,经营,3月,1.35%,1.76%,文件中没有,无,担保,否,逾期,2010年11月16日
1011015,41,男,已婚,初中,无,自有,否,3年,6万,经营,6月,1.26%,1.64%,文件中没有,无,无,否,无逾期,2010年11月24日
1011016,30,男,已婚,中专,无,自有,否,5年,20万,经营,3月,1.23%,1.60%,文件中没有,无,无,否,无逾期,2010年11月24日
1011017,49,男,离异,初中,无,自有,否,13年,15万,经营,4月,1.26%,1.64%,文件中没有,无,无,否,无逾期,2010年11月24日
1011018,25,男,未婚,本科及以上,无,租房,否,2年,20万,经营,6月,1.26%,1.64%,文件中没有,无,无,否,无逾期,2010年11月24日
1011019,32,女,已婚,高中,无,自有,是,3年,50万,经营,1年,1.53%,1.99%,文件中没有,无,担保,否,无逾期,2010年12月1日
1012003,30,男,已婚,高中,无,自有,否,7年,7万,经营,1年,1.50%,1.95%,文件中没有,有,抵押担保,是,无逾期,2010年12月18日
1012004,48,男,已婚,初中,无,自有,否,7年,10万,经营,1年,1.53%,1.99%,文件中没有,无,担保,否,无逾期,2010年12月8日
1012005,28,男,未婚,本科及以上,无,自有,否,4年,3万,经营,3月,1.44%,1.87%,文件中没有,有,抵押,是,无逾期,2010年12月9日
1012009,33,男,已婚,初中,无,自有,否,4年,50万,经营,1年,1.53%,1.99%,文件中没有,无,担保,否,无逾期,2010年12月15日
1012010,36,男,已婚,初中,无,租房,否,10年,30万,经营,4月,1.26%,1.64%,文件中没有,无,无,否,无逾期,2010年12月10日
1012011,38,男,已婚,小学,无,自有,否,10年,75万,经营,4月,1.26%,1.64%,有房屋贷款,无,无,否,无逾期,2010年12月16日
1012012,27,男,已婚,本科及以上,无,自有,否,2年,80万,经营,6月,1.32%,1.72%,文件中没有,有,抵押担保,是,无逾期,2011年1月4日
1012013,32,男,已婚,初中,无,租房,否,10年,20万,经营,3月,1.23%,1.60%,文件中没有,无,无,否,无逾期,2010年12月17日
1012015,30,男,未婚,高中,无,自有,否,4年,80万,经营,4月,1.26%,1.64%,文件中没有,无,无,否,无逾期,2010年12月22日
1012016,42,男,已婚,初中,无,自有,否,5年,100万,经营,1年,1.50%,1.95%,文件中没有,有,抵押担保,是,无逾期,2010年12月19日
1012023,34,男,已婚,小学,无,自有,否,5年,70万,经营,1年,1.50%,1.95%,文件中没有,有,抵押担保,是,无逾期,2011年1月10日
1012025,34,女,已婚,初中,无,自有,否,5年,15万,经营,1年,1.50%,1.95%,文件中没有,有,抵押担保,是,无逾期,2010年12月28日
1012026,53,男,已婚,小学,无,自有,否,2年,7万,经营,1年,1.53%,1.99%,文件中没有,无,担保,否,无逾期,2010年12月29日
1012028,40,男,已婚,高中,无,自有,是,6年,25万,养殖经营,1年,1.50%,1.95%,文件中没有,无,担保,否,无逾期,2010年12月30日
1012030,41,男,已婚,初中,无,自有,是,13年,20万,经营,6月,1.26%,1.64%,文件中没有,无,无,否,无逾期,2010年12月30日
1012031,31,男,未婚,高中,无,自有,否,2年,10万,经营,1年,1.53%,1.99%,文件中没有,无,担保,否,无逾期,2010年12月30日
1012032,34,男,已婚,高中,无,自有,否,4年,30万,经营,6月,1.47%,1.91%,文件中没有,有,抵押担保,是,无逾期,2010年12月31日
1101001,30,男,已婚,中专,无,自有,否,2年,60万,经营,6月,1.47%,1.91%,文件中没有,有,抵押担保,是,无逾期,2011年1月11日
1101002,34,男,已婚,初中,无,自有,是,4年,60万,经营,1年,1.50%,1.95%,文件中没有,有,抵押担保,是,无逾期,2011年1月24日
1101003,25,女,已婚,高中,无,自有 ,是,4年,5万,经营,1年,1.53%,1.99%,有银行购房贷款,无,担保,否,无逾期,2011年1月18日
1101004,33,男,已婚,初中,无,自有,否,13年,10万,经营,9月,1.29%,1.68%,文件中没有,有,抵押担保,是,无逾期,2011年1月18日
1101005,29,女,已婚,高中,无,自有,否,3年,15万,经营,3月,1.23%,1.60%,文件中没有,无,担保,否,无逾期,2011年1月18日
1101006,32,女,已婚,高中,无,自有,否,5年,50万,经营,1年,1.50%,1.95%,文件中没有,有,抵押担保,是,无逾期,2011年1月21日
1101007,51,男,已婚,小学,有违约,自有,否,5年,3万,经营,6月,1.50%,1.95%,文件中没有,无,担保,否,逾期,2011年1月21日
1101008,39,女,已婚,初中,无,自有,否,10年,50万,经营,6月,1.47%,1.91%,文件中没有,有,抵押担保,是,无逾期,2011年1月20日
1101009,43,男,已婚,初中,无,自有,是,11年,30万,经营,1年,1.53%,1.99%,有银行贷款,无,担保,否,无逾期,2011年1月20日
1101011,52,男,已婚,初中,无,自有,否,20年,20万,经营,6月,1.26%,1.64%,文件中没有,无,质押,否,无逾期,2011年1月21日
1101012,44,男,已婚,初中,无,自有,否,5年,30万,经营,1年,1.53%,1.99%,文件中没有,无,质押担保,否,无逾期,2011年1月24日
1101013,54,男,已婚,初中,无,自有,是,7年,120万,经营,1年,1.50%,1.95%,文件中没有（估计有）,有,抵押,是,无逾期,2011年1月24日
1101014,43,男,已婚,初中,无,自有,是,2年,10万,经营,1年,1.53%,1.99%,文件中没有,无,担保,否,无逾期,2011年1月24日
1101015,34,男,已婚,本科及以上,无,自有,否,6年,25万,经营,6月,1.50%,1.95%,文件中没有,无,担保,否,无逾期,2011年1月24日
1101017,37,男,已婚,初中,无,租房,是,10年,20万,经营,3月,1.44%,1.87%,文件中没有,有,抵押担保,是,无逾期,2011年1月20日
1101018,40,男,已婚,小学,无,自有,否,10年,10万,经营,1年,1.50%,1.95%,文件中没有,有,抵押担保,是,无逾期,2011年1月27日
1101019,31,女,已婚,本科及以上,无,自有,否,6年,30万,经营,1年,1.50%,1.95%,有房屋贷款,有,抵押担保,是,无逾期,2011年1月27日
1101020,41,男,已婚,初中,无,自有,否,8年,20万,经营,6月,1.26%,1.64%,有房屋贷款,无,质押担保,否,无逾期,2011年1月28日
1101021,34,男,已婚,初中,无,租房,否,6年,15万,经营,6月,1.26%,1.64%,文件中没有,有,抵押担保,是,无逾期,2011年1月28日
1101022,34,男,已婚,大专,无,自有,是,3年,50万,经营,1年,1.50%,1.95%,文件中没有,有,抵押担保,是,无逾期,2011年1月30日
1102001,29,男,已婚,高中,无,自有,是,5年,45万,经营,1年,1.50%,1.95%,文件中没有,有,抵押担保,是,无逾期,2011年3月9日
1102002,43,男,已婚,初中,无,自有,是,6年,20万,经营,1年,1.50%,1.95%,文件中没有,有,抵押担保,是,无逾期,2011年3月2日
1103001,45,男,已婚,初中,无,自有,否,10年,5万,经营,3月,1.50%,1.95%,文件中没有,有,抵押担保,是,无逾期,2011年6月20日
1103004,48,男,已婚,高中,有违约,自有,否,7年,100万,经营,1年,1.50%,1.95%,有贷款,有,抵押担保,是,无逾期,2011年3月22日
1103005,34,男,已婚,大专,无,自有,是,3年,20万,经营,1年,1.50%,1.95%,文件中没有,有,抵押担保,是,无逾期,2011年3月25日
1103007,50,男,已婚,小学,无,自有,否,13年,25万,经营,1年,1.29%,1.68%,文件中没有,有,抵押担保,是,无逾期,2011年3月28日
1103009,50,男,离异,初中,无,自有,是,13年,15万,经营,1年,1.29%,1.68%,文件中没有,无,无,否,无逾期,2011年3月31日
1103010,33,男,已婚,大专,无,自有,否,7年,40万,经营,6月,1.47%,1.91%,文件中没有,有,抵押担保,是,无逾期,2011年4月11日
1104001,56,男,已婚,小学,无,自有,是,20年,15万,经营,1年,1.29%,1.68%,文件中没有,无,担保,否,无逾期,2011年4月2日
1104002,44,男,已婚,初中,有违约,自有,否,3年,13万,经营,6月,1.50%,1.95%,文件中没有,无,担保,否,逾期,2011年4月2日
1104003,33,男,已婚,初中,无,租房,否,10年,10万,经营,6月,1.26%,1.64%,文件中没有,无,担保,否,无逾期,2011年4月2日
1104004,38,男,已婚,初中,无,自有,否,4年,3万,经营,6月,1.26%,1.64%,文件中没有,无,无,否,无逾期,2011年6月21日
1104005,30,女,已婚,高中,无,自有,是,3年,20万,经营,1年,1.50%,1.95%,文件中没有,有,抵押担保,是,无逾期,2011年4月11日
1104006,41,男,已婚,高中,无,自有,是,7年,20万,经营,1年,1.50%,1.95%,文件中没有,有,抵押担保,是,无逾期,2011年4月18日
1104007,39,女,已婚,高中,无,自有,是,16年,80万,经营,1年,1.50%,1.95%,文件中没有,有,抵押担保,是,无逾期,2011年4月11日
1104009,27,男,已婚,小学,无,自有,否,13年,30万,经营,1年,1.29%,1.68%,文件中没有,无,担保,否,无逾期,2011年4月18日
1104010,39,男,已婚,小学,无,自有,是,10年,80万,经营,1年,1.29%,1.68%,有房屋贷款,无,质押担保,否,无逾期,2011年6月7日
1104011,44,男,已婚,小学,无,自有,是,15年,40万,经营,1年,1.29%,1.68%,文件中没有,无,质押担保,否,无逾期,2011年4月18日
1104012,37,男,已婚,初中,无,租房,是,10年,20万,经营,1年,1.29%,1.68%,文件中没有,无,质押担保,否,无逾期,2011年4月15日
1104013,31,男,未婚,高中,无,自有,是,4年,80万,经营,1年,1.29%,1.68%,文件中没有,无,质押担保,否,无逾期,2011年4月19日
1104014,30,男,已婚,初中,无,自有,是,10年,80万,经营,1年,1.29%,1.68%,文件中没有,无,质押担保,否,无逾期,2011年4月20日
1104015,61,女,已婚,小学,无,自有,是,6年,100万,经营,1年,1.50%,1.95%,文件中没有,有,抵押担保,是,无逾期,2011年4月19日
1104016,45,女,已婚,小学,无,自有,否,10年,10万,经营,1年,1.53%,1.99%,文件中没有,无,担保,否,无逾期,2011年4月25日
1104017,33,女,已婚,初中,无,自有,否,2年,15万,经营,1年,1.50%,1.95%,文件中没有,无,担保,否,无逾期,2011年4月26日
1104018,57,男,已婚,小学,无,自有,是,16年,10万,经营,1年,1.29%,1.68%,文件中没有,无,担保,否,无逾期,2011年4月25日
1104019,57,女,已婚,高中,无,自有,否,10年,30万,经营,1年,1.50%,1.95%,文件中没有,有,抵押担保,是,无逾期,2011年5月6日
1104021,29,女,未婚,高中,无,自有,是,4年,15万,经营,1年,1.29%,1.68%,文件中没有,无,担保,否,无逾期,2011年4月27日
1104022,24,男,未婚,初中,无,租房,是,5年,10万,经营,1年,1.29%,1.68%,文件中没有,无,担保,否,无逾期,2011年4月25日
1104023,32,女,离婚,高中,无,自有,否,10年,20万,经营,6月,1.50%,1.95%,文件中没有,无,担保,否,无逾期,2011年4月26日
1105001,43,男,已婚,初中,无,自有,是,10年,15万,经营,1年,1.29%,1.68%,有银行贷款,无,担保,否,无逾期,2011年5月12日
1105002,42,男,已婚,初中,无,自有,是,3年,15万,经营,6月,1.26%,1.64%,文件中没有,无,担保,否,无逾期,2011年5月20日
1105003,33,男,已婚,初中,无,自有,否,6年,10万,经营,1年,1.29%,1.68%,文件中没有,有,抵押担保,是,无逾期,2011年7月13日
1005004,53,男,已婚,初中,无,自有,是,1年,200万,经营,1年,1.50%,1.95%,文件中没有,有,抵押担保,是,无逾期,2011年5月25日
1005005,25,男,离异,大学专科,无,自有,是,2年,45万,经营,1年,1.53%,1.99%,文件中没有,无,担保,否,无逾期,2011年5月30日
1106001,44,男,已婚,初中,无,自有,是,20年,20万,经营,3月,1.23%,1.60%,文件中没有,无,担保,否,无逾期,2011年6月1日
1106005,49,男,已婚,初中,无违约,自有,是,4年,100万,经营,1年,1.50%,1.95%,有信用社贷款,有,抵押,是,无逾期,2011年6月24日
1106006,24,男,未婚,高中,无,自有,否,1年,100万,经营,1年,1.50%,1.95%,文件中没有,有,抵押担保,是,无逾期,2010年6月17日
1106007,55,男,已婚,初中,无,自有,否,10年,20万,经营,6月,1.26%,1.64%,文件中没有,无,担保,否,无逾期,2011年6月20日
1106008,28,男,已婚,小学,无,自有,是,13年,120万,经营,1年,1.29%,1.68%,文件中没有,无,担保,否,无逾期,2011年6月22日
1106009,42,男,已婚,初中,有违约,自有,否,5年,3万,经营,1年,1.50%,1.95%,文件中没有,无,担保,否,逾期,2011年6月22日
1106012,49,男 ,已婚,小学,无,自有,是,10年,100万,经营,1年,1.50%,1.95%,文件中没有,有,抵押担保,是,无逾期,2011年7月6日
1106013,25,男,已婚,高中,有违约,自有,否,4年,70万,经营,9月,1.29%,1.68%,有银行贷款,有,抵押担保,是,无逾期,2011年6月27日
1106014,35,男,已婚,高中,无,自有,是,5年,50万,经营,6月,1.50%,1.95%,文件中没有,有,抵押担保,是,无逾期,2011年7月4日
1107003,39,男,已婚,初中,无,自有,否,17年,30万,经营,1年,1.50%,1.95%,有银行贷款,有,抵押担保,否,无逾期,2011年7月15日
1107004,25,男,已婚,高中,有违约,自有,是,4年,30万,经营,1年,1.29%,1.68%,有银行贷款,无,担保,否,无逾期,2011年7月14日
1107004,48,男,已婚,高中,有违约,自有,是,7年,100万,经营,1年,1.50%,1.95%,有贷款,有,抵押担保,是,无逾期,2011年7月28日
1107005,34,男,已婚,大专,无,自有,否,7年,60万,经营,1年,1.53%,1.99%,文件中没有,无,担保,否,逾期,2011年7月21日
1107005,41,男,已婚,高中,无,自有,是,18年,50万,经营,1年,1.50%,1.95%,文件中没有,无,担保,否,无逾期,2011年7月28日
1108002,52,男,已婚,初中,无,自有,是,20年,50万,经营,6月,1.50%,1.64%,文件中没有,无,质押担保,否,无逾期,2011年8月4日
1108003,48,男,已婚,小学,无,自有,是,9年,500万,房地产开发,6月,1.50%,1.95%,文件中没有，估计有,有,抵押,是,无逾期,2011年8月16日
1108005,32,男,已婚,初中,无,自有,否,4年,20万,经营,1年,1.29%,1.68%,有银行贷款,有,抵押担保,是,无逾期,2011年8月18日
1108006,33,男,已婚,高中,无,自有,是,4年,100万,经营,1年,1.53%,1.99%,文件中没有,无,担保,否,逾期,2011年8月19日
1108007,41,男,已婚,初中,无,自有,是,8年,20万,经营,1年,1.29%,1.68%,有房屋贷款,有,抵押担保,是,无逾期,2011年8月22日
1108008,37,男,已婚,初中,无,租房,是,6年,15万,经营,1年,1.29%,1.68%,文件中没有,有,抵押担保,是,无逾期,2011年8月22日
1108009,29,男,已婚,本科及以上,无,自有,否,5年,100万,经营,1年,1.50%,1.95%,文件中没有,有,抵押担保,是,无逾期,2011年8月31日
1108010,36,男,已婚,高中,无,自有,否,15年,30万,经营,1年,1.29%,1.68%,文件中没有,有,抵押,是,无逾期,2011年8月25日
1109001,28,女,未婚,大专,无,租房,否,4年,10万,经营,1年,1.53%,1.99%,文件中没有,无,担保,否,无逾期,2011年9月2日
1109002,45,男,已婚,初中,无,自有,是,10年,40万,经营,1年,1.53%,1.99%,文件中没有,有,抵押担保,是,无逾期,2011年9月15日
1109003,49,男,已婚,小学,无,自有,是,3年,50万,经营,1年,1.53%,1.99%,有信用社贷款,无,担保,否,无逾期,2011年9月16日
1109004,44,男,已婚,初中,无,自有,是,3年,50万,经营,1年,1.50%,1.95%,文件中没有,有,抵押担保,是,无逾期,2011年9月16日
1109006,38,男,已婚,初中,无,自有,否,12年,30万,经营,6月,1.26%,1.64%,文件中没有,有,抵押担保,是,无逾期,2011年9月29日
1109007,47,女,已婚,小学,无,自有,否,20年,10万,经营,6月,1.26%,1.64%,文件中没有,无,担保,否,无逾期,2011年9月29日
1109008,44,男,已婚,小学,无,自有,是,15年,20万,经营,3月,1.23%,1.60%,文件中没有,有,抵押担保,是,无逾期,2011年9月22日
1109009,28,女,已婚,本科及以上,无,自有,否,3年,75万,经营,1年,1.50%,1.95%,文件中没有,有,抵押担保,是,无逾期,2011年9月29日
1109010,49,男,已婚,小学,无,自有,是,3年,40万,经营,1年,1.53%,1.99%,有信用社贷款,有,抵押担保,是,无逾期,2011年9月26日
1109014,34,男,已婚,本科及以上,无,自有,是,6年,45万,经营,6月,1.47%,1.91%,文件中没有,有,抵押,是,无逾期,2011年10月8日
1109014,50,男,已婚,高中,无,自有,否,20年,10万,经营,2月,1.47%,1.91%,文件中没有,无,担保,否,无逾期,2011年9月27日
1110002,43,男,已婚,初中,无,自有,是,11年,50万,经营,1年,1.53%,1.99%,有银行贷款,无,质押担保,否,无逾期,2011年10月17日
1111001,49,男,已婚,小学,无,自有,是,20年,20万,经营,9月,1.29%,1.68%,文件中没有,无,担保,否,无逾期,2011年11月9日
1111002,31,男,已婚,中专,无,自有,是,6年,20万,经营,9月,1.29%,1.68%,文件中没有,无,担保,否,无逾期,2011年11月9日
1111003,46,男,已婚,初中,无,自有,是,8年,100万,经营,1年,1.50%,1.95%,文件中没有,是,抵押担保,是,无逾期,2011年10月19日
1111003,33,男,已婚,初中,无,租房,是,11年,30万,经营,9月,1.29%,1.68%,文件中没有,无,担保,否,无逾期,2011年11月9日
1111005,58,男,已婚,小学,无违约,自有,是,3年,20万,经营,1年,1.53%,1.99%,有信用社贷款,无,担保,否,无逾期,2011年11月18日
1111006,48,男,已婚,初中,无,自有,否,10年,20万,经营,1年,1.53%,1.99%,文件中没有,无,担保,否,无逾期,2011年11月11日
1111007,29,女,已婚,高中,无,自有,是,2年,30万,经营,1年,1.53%,1.99%,无,是,抵押担保,是,无逾期,2011年11月11日
1111008,49,男,已婚,小学,无,自有,是,3年,30万,经营,1年,1.53%,1.99%,有信用社贷款,无,担保,否,无逾期,2011年12月2日
1111010,50,男,已婚,小学,无,自有,否,2年,20万,经营,1年,1.53%,1.99%,文件中没有,无,担保,否,逾期,2011年12月1日
1111011,52,男,已婚,小学,有违约,自有,否,10年,3万,经营,6月,1.50%,1.95%,文件中没有,无,担保,否,逾期,2011年12月1日
1111012,53,男,已婚,初中,无,自有,是,20年,7万,经营,1年,1.53%,1.99%,文件中没有,否,担保,否,无逾期,2011年12月19日
1111013,30,男,已婚,初中,无,自有,是,5年,10万,经营,1年,1.53%,1.99%,文件中没有,有,抵押担保,是,无逾期,2011年12月1日
1112002,43,男,已婚,初中,无,自有,否,13年,100万,经营,1年,1.29%,1.68%,文件中没有,有,抵押担保,是,无逾期,2011年12月1日
1112003,23,男,未婚,初中,无,租房,否,3年,15万,经营,6月,1.26%,1.64%,文件中没有,无,质押担保,否,无逾期,2011年12月6日
1112005,44,男,已婚,大专,无,自有,否,6年,50万,经营,1年,1.50%,1.95%,文件中没有,有,抵押担保,是,无逾期,2011年12月5日
1112006,39,男,已婚,本科及以上,无,自有,否,5年,260万,经营,1年,1.50%,1.95%,文件中没有,有,抵押,是,无逾期,2011年12月15日
1112008,42,男,已婚,本科及以上,无,自有,否,3年,260万,经营,6月,1.35%,1.76%,文件中没有,无,担保,否,无逾期,2011年12月14日
1112009,41,男,已婚,本科及以上,无,自有,否,1年,260万,经营,6月,1.35%,1.76%,文件中没有,无,担保,否,无逾期,2011年12月14日
1112010,43,男,已婚,本科及以上,无,自有,否,1年,240万,经营,6月,1.35%,1.76%,文件中没有,无,担保,否,无逾期,2011年12月14日
1112011,48,男,已婚,大专,无,自有,否,7年,240万,经营,6月,1.35%,1.76%,文件中没有,无,担保,否,无逾期,2011年12月14日
1112012,43,女,已婚,小学,无,自有,否,8年,260万,经营,1年,1.50%,1.95%,文件中没有,有,抵押担保,是,无逾期,2011年12月20日
1112015,48,男,已婚,本科及以上,无,自有,否,10年,140万,经营,1年,1.35%,1.76%,文件中没有,无,担保,否,无逾期,2011年12月14日
1112006,32,女,已婚,高中,无,自有,是,4年,50万,经营,1年,1.53%,1.99%,文件中没有,无,担保,否,无逾期,2011年12月12日
1112018,41,男,已婚,初中,无,自有,否,3年,100万,经营,1年,1.29%,1.68%,文件中没有,有,抵押担保,是,无逾期,2011年12月20日
1112019,42,女,已婚,初中,无,自有,否,15年,100万,经营,1年,1.50%,1.95%,文件中没有,有,抵押担保,是,无逾期,2011年12月21日
1112020,38,男,已婚,初中,无,自有,否,12年,200万,经营,1年,1.29%,1.68%,文件中没有,无,质押担保,否,无逾期,2011年11月20日
1112021,32,男,未婚,高中,无,自有,是,3年,15万,经营,1年,1.53%,1.99%,文件中没有,无,质押担保,否,无逾期,2011年12月19日
1112022,43,男,已婚,初中,无,自有,是,10年,15万,经营,1年,1.29%,1.68%,有银行贷款,无,质押担保,否,无逾期,2011年12月19日
1112023,41,男,已婚,高中,无,自有,是,18年,70万,经营,1年,1.29%,1.68%,文件中没有,无,质押担保,否,无逾期,2011年12月19日
1112024,36,女,离异,初中,无,自有,是,4年,85万,经营,1年,1.50%,1.95%,文件中没有,有 ,抵押,是,无逾期,2011年12月28日
1112025,30,男,已婚,初中,无,自有,是,10年,80万,经营,1年,1.50%,1.95%,文件中没有,是,抵押,是,无逾期,2011年12月30日
1112026,37,男,已婚,初中,无,自有,否,12年,100万,经营,1年,1.29%,1.68%,文件中没有,是,抵押担保,是,无逾期,2011年12月22日
1112028,54,女,已婚,高中,无,自有,是,10年,100万,经营,1年,1.50%,1.95%,文件中没有,是,抵押担保,是,无逾期,2011年12月23日
1112030,44,男,已婚,本科及以上,无,自有,否,5年,260万,经营,1年,1.50%,1.95%,文件中没有,无,质押担保,否,无逾期,2011年12月26日
1112032,25,男,已婚,高中,有违约,自有,是,4年,70万,经营,1年,1.29%,1.68%,有银行贷款,无,质押担保,否,无逾期,2011年12月27日
1112034,33,男,已婚,高中,无,自有,是,4年,50万,经营,1年,1.50%,1.95%,文件中没有,有,抵押担保,是,无逾期,2011年12月29日
1112035,32,男,已婚,初中,无,自有,否,6年,10万,经营,1年,1.53%,1.99%,文件中没有,有,抵押担保,否,无逾期,2011年12月28日
1112036,35,女,已婚,高中,无,自有,否,6年,15万,经营,1年,1.50%,1.95%,文件中没有,有,抵押担保,否,无逾期,2011年12月29日
1112037,35,男,已婚,高中,无,自有,是,5年,100万,经营,1年,1.50%,1.95%,文件中没有,有,抵押担保,否,无逾期,2012年1月5日
1112038,41,男,已婚,高中,无,自有,否,10年,200万,经营,1年,1.50%,1.95%,文件中没有,有,抵押担保,是,无逾期,2011年12月30日
1112039,32,男,已婚,高中,无,自有,否,5年,200万,经营,1年,1.50%,1.95%,文件中没有,有,抵押担保,是,无逾期,2011年12月30日
1112040,46,男,已婚,小学,有违约,自有,否,5年,3万,经营,1年,1.50%,1.95%,文件中没有,无,担保,否,逾期,2011年12月30日
1112041,57,女,已婚,小学,无,自有,否,20年,30万,经营,6月,1.47%,1.91%,文件中没有,有,抵押抵押担保,是,无逾期,2011年12月31日
1112042,39,女,已婚,初中,无,自有,是,10年,80万,经营,1年,1.29%,1.68%,文件中没有,有,抵押担保,是,无逾期,2012年1月12日
1201001,40,男,已婚,高中,无,自有,是,8年,20万,养殖经营,1年,1.50%,1.95%,文件中没有,有,抵押,是,无逾期,2012年1月9日
1201002,44,男,已婚,初中,无,自有,是,12年,30万,经营,1年,1.53%,1.99%,有银行贷款,无,担保,否,无逾期,2012年1月16日
1201003,55,男,已婚,初中,无,自有,是,8年,120万,经营,1年,1.50%,1.95%,文件中没有（估计有）,有,抵押担保,是,无逾期,2012年1月18日
1201004,26,女,已婚,高中,无,自有 ,是,5年,5万,经营,1年,1.53%,1.99%,有银行购房贷款,无,担保,否,无逾期,2012年1月18日
1201006,29,男,已婚,本科及以上,无,自有,是,4年,200万,经营,9月,1.32%,1.72%,文件中没有,有,抵押担保,是,无逾期,2012年1月19日
1201007,29,男,已婚,本科及以上,无,自有,否（公司员工）,3年,100万,经营,1年,1.35%,1.76%,文件中没有,无,无,否,无逾期,2012年1月19日
1202001,35,男,已婚,初中,无,自有,是,5年,60万,经营,1年,1.50%,1.95%,文件中没有,有,抵押担保,是,无逾期,2012年2月15日
1202002,44,男,已婚,本科及以上,无,自有,否,3年,100万,经营,6月,1.50%,1.95%,文件中没有,无,担保,否,无逾期,2012年2月16日
1202003,49,男,已婚,高中,有违约,自有,是,8年,100万,经营,1年,1.50%,1.95%,有贷款,有,抵押担保,否,无逾期,2012年2月24日
1202004,35,男,已婚,大专,无,自有,是,4年,50万,经营,1年,1.50%,1.95%,文件中没有,有,抵押担保,是,无逾期,2012年2月23日
1202005,36,男,已婚,高中,无,自有,是,7年,50万,经营,1年,1.50%,1.95%,文件中没有,有,抵押担保,是,无逾期,2012年3月5日
1203003,51,男,已婚,小学,无,自有,是,13年,25万,经营,1年,1.29%,1.68%,文件中没有,有,抵押担保,否,无逾期,2012年3月22日
1203004,26,男,已婚,高中,有违约,自有,是,5年,100万,经营,1年,1.29%,1.68%,有银行贷款,无,质押担保,否,无逾期,2012年3月28日
1203005,30,男,已婚,高中,无,自有,否,10年,40万,经营,1年,1.29%,1.68%,有银行贷款,有,抵押担保,否,无逾期,2012年3月29日
1204001,31,男,未婚,高中,无,自有,是,5年,100万,经营,1年,1.29%,1.68%,文件中没有,无,担保,否,无逾期,2012年4月13日
1204002,40,男,已婚,小学,无,自有,是,11年,100万,经营,1年,1.29%,1.68%,有房屋贷款,有,抵押担保,是,无逾期,2012年4月13日
1204003,35,男,已婚,本科及以上,无,自有,是,7年,50万,经营,1年,1.50%,1.95%,文件中没有,有,抵押,是,无逾期,2012年4月17日
1204004,32,男,未婚,高中,无,自有,是,6年,90万,经营,1年,1.29%,1.68%,文件中没有,有,抵押担保,是,无逾期,2012年4月13日
1204005,51,男,离异,初中,无,自有,是,14年,15万,经营,1年,1.29%,1.68%,文件中没有,无,无,否,无逾期,2012年4月16日
1204006,45,男,已婚,初中,无,自有,是,16年,50万,经营,1年,1.29%,1.68%,文件中没有,是,抵押担保,是,无逾期,2012年4月13日
1204007,28,男,已婚,高中,无,自有,是,13年,30万,经营,1年,1.29%,1.68%,文件中没有,是,抵押担保,是,无逾期,2012年4月13日
1204008,35,男,已婚,中专,无,自有,否,8年,80万,经营,1年,1.29%,1.68%,文件中没有,是,抵押担保,是,无逾期,2012年4月13日
1204009,38,男,已婚,初中,无,租房,是,10年,50万,经营,1年,1.29%,1.68%,文件中没有,无,无,否,无逾期,2012年4月24日
1204010,37,男,已婚,初中,有违约,自有,否,3年,3万,经营,6月,1.50%,1.95%,文件中没有,无,担保,否,逾期,2012年4月24日
1204012,50,男,已婚,初中,无,自有,是,20年,50万,经营,1年,1.29%,1.68%,文件中没有,无,无,否,无逾期,2012年4月24日
1204013,54,男,已婚,初中,无,自有,是,3年,200万,经营,1年,1.50%,1.95%,文件中没有,有,抵押担保,是,无逾期,2012年5月4日
1204014,58,男,已婚,小学,无,自有,是,17年,10万,经营,1年,1.29%,1.68%,文件中没有,无,担保,否,无逾期,2012年4月28日
1204015,25,男,未婚,初中,无,租房,是,6年,20万,经营,1年,1.29%,1.68%,文件中没有,无,质押担保,否,无逾期,2012年4月28日
1204016,30,女,未婚,高中,无,自有,是,5年,15万,经营,1年,1.29%,1.68%,文件中没有,无,质押担保,否,无逾期,2012年5月2日
1204017,34,女,已婚,初中,无,自有,是,3年,15万,经营,1年,1.50%,1.95%,文件中没有,无,担保,否,无逾期,2012年4月28日
1204018,39,男,已婚,高中,无,自有,否,9年,100万,经营,1年,1.50%,1.95%,有银行贷款,有,抵押担保,是,无逾期,2012年5月2日
1205002,54,男,已婚,高中,无,自有,否,11年,100万,经营,3月,1.47%,1.91%,文件中没有,无,担保,否,无逾期,2012年5月7日
1205003,56,男,已婚,初中,无,自有,否,20年,30万,经营,6月,1.47%,1.91%,文件中没有,有,抵押担保,是,无逾期,2012年5月29日
1205004,29,男,已婚,本科及以上,无,自有,是,4年,100万,经营,1年,1.17%,1.52%,文件中没有,有,抵押担保,是,无逾期,2012年5月22日
1206001,29,男,已婚,高中,有违约,自有,是,7年,120万,经营,1年,1.29%,1.68%,有银行贷款,无,担保,否,无逾期,2012年6月19日
1206002,56,男,已婚,小学,无,自有,是,18年,30万,经营,6月,1.26%,1.64%,无,无,担保,否,无逾期,2012年6月20日
1207003,50,男,已婚,初中,无违约,自有,是,5年,50万,经营,1年,1.41%,1.83%,有信用社贷款,有,抵押担保,是,无逾期,2012年7月10日
1207004,49,男,已婚,高中,有违约,自有,是,8年,100万,经营,1年,1.41%,1.83%,有贷款,有,抵押担保,否,无逾期,2012年7月17日
1207005,36,男,已婚,高中,无,自有,是,5年,150万,经营,1年,1.41%,1.83%,文件中没有,有,抵押担保,是,无逾期,2012年7月20日
1207006,40,男,已婚,本科及以上,无,自有,是,6年,260万,经营,1年,1.47%,1.91%,文件中没有,有,抵押,是,无逾期,2012年7月27日
1208001,42,男,已婚,高中,无,自有,是,18年,50万,经营,1年,1.41%,1.83%,文件中没有,有,抵押担保,是,无逾期,2012年8月3日
1208002,34,男,已婚,本科及以上,无,自有,否,3年,50万,经营,6月,1.47%,1.91%,文件中没有,无,担保,否,无逾期,2012年8月16日
1208004,50,男,已婚,小学,无,自有,是,20年,25万,经营,1年,1.26%,1.64%,文件中没有,无,担保,否,无逾期,2012年8月20日
1208005,45,男,已婚,本科及以上,无,自有,是,6年,260万,经营,1年,1.50%,1.95%,文件中没有,无,质押担保,否,无逾期,2012年8月20日
1208007,45,男,已婚,初中,无,自有,否,4年,15万,经营,1年,1.26%,1.64%,文件中没有,有,抵押担保,否,无逾期,2012年8月16日
1208009,38,男,已婚,高中,无,自有,否,16年,30万,经营,3月,1.44%,1.87%,文件中没有,无,担保,否,无逾期,2012年8月27日
1209002,38,男,已婚,初中,无,租房,是,7年,15万,经营,1年,1.26%,1.64%,文件中没有,有,抵押担保,是,无逾期,2012年9月19日
1209004,44,男,已婚,初中,无,自有,是,10年,30万,经营,1年,1.26%,1.64%,有银行贷款,无,质押担保,否,无逾期,2012年9月11日
1209007,50,男,已婚,小学,无,自有,是,4年,50万,经营,1年,1.50%,1.95%,有信用社贷款,无,担保,否,无逾期,2012年9月21日
1209009,49,女,已婚,小学,无,自有,否,6年,200万,经营,1年,1.50%,1.95%,文件中没有,无,担保,否,无逾期,2012年9月27日
1209010,47,男,已婚,大专,无,自有,否,16年,100万,经营,1年,1.50%,1.95%,文件中没有,有,抵押担保,是,无逾期,2012年9月26日
1209011,46,男,已婚,初中,无,自有,是,10年,50万,经营,1年,1.41%,1.83%,文件中没有,无,担保,否,无逾期,2012年9月27日
1209012,31,男,已婚,高中,有违约,租房,否,4年,4万,经营,3月,1.35%,1.76%,文件中没有,无,担保,否,逾期,2012年9月27日
1209013,35,女,离异,高中,无,自有,否,7年,60万,经营,1年,1.50%,1.95%,文件中没有,无,担保,否,无逾期,2012年9月27日
1209016,29,女,未婚,大专,无,租房,是,5年,5万,经营,1年,1.50%,1.95%,文件中没有,无,担保,否,无逾期,2012年9月29日
1210001,57,男,已婚,小学,无,租房,否,11年,20万,经营,7月,1.26%,1.64%,文件中没有,无,担保,否,无逾期,2012年10月15日
1210003,42,男,已婚,高中,无,自有,否,15年,200万,经营,1年,1.50%,1.95%,有银行贷款,有,抵押担保,是,无逾期,2012年11月2日
1210004,45,女,已婚,高中,无,自有,否,10年,200万,经营,1年,1.50%,1.95%,文件中没有,无,担保,否,无逾期,2012年11月7日
1211001,45,男,已婚,初中,逾期1次,自有,否,7年,25万,经营,1年,1.41%,1.83%,文件中没有,有,抵押担保,是,无逾期,2012年11月23日
1211004,33,男,未婚,高中,无,自有,是,4年,15万,经营,1年,1.50%,1.95%,文件中没有,无,质押担保,否,无逾期,2012年11月21日
1211006,29,男,未婚,本科及以上,无,租房,否,4年,10万,经营,1年,1.50%,1.95%,文件中没有,无,担保,否,无逾期,2012年11月27日
1211007,55,男,已婚,小学,无,自有,否,20年,10万,经营,1年,1.50%,1.95%,文件中没有,无,担保,否,无逾期,2012年11月27日
1211009,31,男,已婚,初中,无,自有,是,6年,10万,经营,1年,1.50%,1.95%,文件中没有,无,担保,否,逾期,2012年11月29日
1211010,38,男,已婚,初中,无,自有,是,13年,100万,经营,1年,1.26%,1.64%,文件中没有,无,担保,否,无逾期,2012年12月3日
1211012,33,男,已婚,小学,逾期1次以上,自有,否,5年,30万,经营,6月,1.38%,1.79%,文件中没有,有,抵押担保,是,无逾期,2012年12月3日
1212001,43,女,已婚,初中,无,自有,是,16年,15万,经营,1年,1.50%,1.95%,文件中没有,有,抵押担保,是,无逾期,2012年12月7日
1212002,30,女,已婚,高中,无,自有,是,3年,30万,经营,1年,1.50%,1.95%,无,是,抵押担保,是,无逾期,2012年12月10日
1212003,30,男,已婚,初中,无,自有,是,10年,120万,经营,1年,1.41%,1.83%,文件中没有,是,抵押,是,无逾期,2012年12月12日
1212004,44,男,已婚,初中,无,自有,是,14年,100万,经营,1年,1.26%,1.64%,文件中没有,无,担保,否,无逾期,2012年12月14日
1212005,50,男,已婚,小学,无,自有,是,4年,30万,经营,1年,1.50%,1.95%,有信用社贷款,无,担保,否,无逾期,2012年12月17日
1212006,28,男,已婚,大专,无,自有,否,4年,50万,经营,1年,1.41%,1.83%,文件中没有,有,抵押担保,是,无逾期,2012年12月20日
1212007,49,男,已婚,本科及以上,无,自有,是,10年,140万,经营,1年,1.35%,1.76%,文件中没有,无,担保,否,无逾期,2012年12月20日
1212009,56,男,已婚,小学,无,自有,是,18年,30万,经营,6月,1.23%,1.60%,文件中没有,无,担保,否,无逾期,2012年12月19日
1212010,33,女,已婚,高中,无,自有,是,5年,30万,经营,1年,1.50%,1.95%,文件中没有,无,担保,否,无逾期,2012年12月19日
1212011,42,男,已婚,高中,无,自有,是,18年,70万,经营,1年,1.26%,1.64%,文件中没有,无,担保,否,无逾期,2012年12月20日
1212012,36,女,离异,初中,无,自有,是,5年,85万,经营,1年,1.41%,1.83%,文件中没有,有 ,抵押担保,是,无逾期,2012年12月21日
1212014,34,男,已婚,高中,无,自有,是,5年,100万,经营,1年,1.41%,1.83%,文件中没有,有,抵押担保,是,无逾期,2012年12月26日
1212015,26,男,已婚,高中,有违约,自有,是,5年,70万,经营,1年,1.26%,1.64%,有银行贷款,无,担保,否,无逾期,2012年12月24日
1212016,30,男,已婚,初中,无,自有,是,10年,80万,经营,1年,1.41%,1.83%,文件中没有,是,抵押,是,无逾期,2012年12月27日
1212017,40,男,已婚,初中,无,自有,是,20年,100万,经营,1年,1.26%,1.64%,文件中没有,无,担保,否,无逾期,2012年12月24日
1212019,42,男,已婚,初中,无,自有,是,4年,5万,经营,1年,1.23%,1.60%,文件中没有,无,担保,否,无逾期,2012年12月25日
1212020,33,男,已婚,初中,无,自有,是,7年,10万,经营,1年,1.50%,1.95%,文件中没有,有,抵押担保,否,无逾期,2012年12月27日
1212021,27,女,已婚,大专,无,自有,否,3年,50万,经营,6月,1.47%,1.91%,文件中没有,有,抵押担保,是,无逾期,2012年12月28日
1212022,34,男,已婚,高中,无,自有,否,8年,20万,经营,9月,1.50%,1.95%,文件中没有,有,抵押担保,是,无逾期,2012年12月28日
1212023,24,男,未婚,中专,无,自有,是,2年,260万,经营,1年,1.41%,1.83%,文件中没有,有,抵押担保,是,无逾期,2012年12月28日
1212025,45,男,已婚,初中,无,自有,是,4年,3万,经营,1年,1.50%,1.95%,文件中没有,无,担保,否,无逾期,2012年12月28日
1301003,41,男,已婚,高中,无,自有,是,9年,25万,养殖经营,1年,1.50%,1.95%,文件中没有,无,担保,否,无逾期,2013年1月9日
1301004,37,男,已婚,高中,无,自有,是,7年,100万,经营,1年,1.41%,1.83%,文件中没有,有,抵押担保,否,无逾期,2013年1月8日
1301006,41,女,已婚,初中,无,自有,是,12年,80万,经营,1年,1.26%,1.64%,文件中没有,有,抵押担保,是,无逾期,2013年1月14日
1301007,44,女,已婚,初中,无,自有,是,16年,60万,经营,1年,1.50%,1.95%,文件中没有,有,抵押担保,是,无逾期,2013年1月11日
1301008,40,女,已婚,高中,无,自有,否,10年,100万,经营,1年,1.41%,1.83%,文件中没有,有,抵押担保,是,无逾期,2013年1月21日
1301009,45,男,已婚,初中,无,自有,是,13年,30万,经营,1年,1.50%,1.95%,有银行贷款,无,担保,否,无逾期,2013年1月18日
1302001,46,女,离异,高中,无,自有,是,8年,60万,经营,1年,1.47%,1.91%,文件中没有,无,担保,否,无逾期,2013年2月1日
1303001,50,男,已婚,高中,有违约,自有,是,9年,100万,经营,1年,1.41%,1.83%,有贷款,有,抵押担保,是,无逾期,2013年3月6日
1303004,44,男,已婚,初中,无,自有,是,20年,100万,经营,6月,1.23%,1.60%,文件中没有,有,抵押担保,是,无逾期,2013年3月19日
1303006,32,男,已婚,中专,无,自有,否,8年,30万,经营,1年,1.50%,1.95%,文件中没有,有,抵押担保,是,无逾期,2013年3月28日
1303007,30,男,已婚,高中,有违约,自有,是,8年,100万,经营,1年,1.26%,1.64%,有银行贷款,有,抵押担保,否,无逾期,2013年3月28日
1304001,58,男,已婚,小学,无,自有,否,20年,30万,经营,6月,1.38%,1.79%,文件中没有,有,抵押担保,是,无逾期,2013年4月16日
1304002,36,男,已婚,大专,无,自有,是,5年,50万,经营,1年,1.50%,1.95%,文件中没有,无,担保,否,无逾期,2013年4月10日
1304003,41,男,已婚,大专,有违约,自有,否,20年,80万,经营,1年,1.41%,1.83%,文件中没有,有,抵押担保,是,无逾期,2013年4月9日
1304004,35,男,已婚,初中,无,自有,是,8年,30万,经营,1年,1.26%,1.64%,文件中没有,无,担保,否,无逾期,2013年4月12日
1304005,33,男,已婚,初中,无,自有,是,13年,100万,经营,1年,1.26%,1.64%,有银行贷款,有,抵押担保,是,无逾期,2013年4月12日
1304007,36,男,已婚,中专,无,租房,是,9年,80万,经营,1年,1.26%,1.64%,文件中没有,无,担保,否,无逾期,2013年4月15日
1304008,29,男,已婚,小学,无,租房,是,13年,50万,经营,1年,1.26%,1.64%,文件中没有,有,抵押担保,是,无逾期,2013年4月12日
1304009,46,男,已婚,小学,无,租房,是,17年,50万,经营,1年,1.26%,1.64%,文件中没有,有,抵押担保,是,无逾期,2013年4月12日
1304010,63,女,已婚,小学,无,自有,是,8年,100万,经营,1年,1.41%,1.83%,文件中没有,有,抵押担保,是,无逾期,2013年4月16日
1204011,31,男,已婚,中专,无,自有,否,8年,70万,经营,1年,1.41%,1.83%,文件中没有,有,抵押担保,是,无逾期,2013年4月22日
1304014,62,男,已婚,大专,无,自有,否,30年,10万,经营,1年,1.50%,1.95%,文件中没有,无,担保,否,无逾期,2013年4月17日
1304016,43,男,已婚,初中,无,自有,是,5年,70万,经营,1年,1.26%,1.64%,文件中没有,有,抵押担保,是,无逾期,2013年4月25日
1304018,39,男,已婚,初中,无,租房,是,10年,50万,经营,1年,1.26%,1.64%,文件中没有,无,无,否,无逾期,2013年4月25日
1304019,31,女,已婚,初中,无,租房,是,6年,15万,经营,1年,1.26%,1.64%,文件中没有,无,担保,否,无逾期,2013年4月25日
1304020,52,男,离异,初中,无,自有,是,15年,10万,经营,1年,1.26%,1.64%,文件中没有,无,担保,否,无逾期,2013年4月26日
1305003,26,男,未婚,初中,无,租房,是,7年,20万,经营,1年,1.26%,1.64%,文件中没有,无,质押担保,否,无逾期,2013年5月15日
